message,label
I found the reference material in Chapter 3 to be particularly helpful for understanding the concept.,academic
Could someone explain the methodology used in the research paper?,academic
This is an excellent point. Has anyone considered the alternative approach?,academic
I disagree with the proposed solution. Let me suggest a better approach based on my research.,academic
The assignment requires us to implement the algorithm as described in the documentation.,academic
Can someone provide guidance on how to approach this problem?,academic
I've completed the analysis and found some interesting patterns in the data.,academic
This concept relates to what we discussed in the previous module.,academic
Let me elaborate on the key components of the system architecture.,academic
The empirical results demonstrate significant improvements over the baseline.,academic
Good,non-academic
Done,non-academic
Present,non-academic
Thanks for sharing!,non-academic
Hi everyone,non-academic
03215647890,non-academic
Anyone for WhatsApp group?,non-academic
+923015678901,non-academic
Sir please check my work,non-academic
OK thanks,non-academic
Will do,non-academic
Thanks buddy,non-academic
Same here,non-academic
I agree,non-academic
Just checking attendance,non-academic
